Proxy,Port,Country
45.164.11.66,8080,BR
190.52.162.108,59536,PY
94.74.154.169,80,IR
94.74.154.208,80,IR
160.16.69.219,80,JP
79.143.225.152,31095,RU
41.175.240.46,53222,ZA
213.226.255.24,46870,CZ
176.126.61.186,41258,UA
103.78.14.85,34890,IN
181.56.162.189,40544,CO
190.64.177.70,53567,UY
82.147.120.40,43173,RU
212.178.7.97,53281,UA
103.194.248.79,38818,IN
118.175.176.123,40023,TH
109.200.239.39,53281,UA
119.82.252.76,46980,KH
183.182.101.32,49170,LA
103.245.188.86,54385,IN
203.145.179.170,31946,IN
89.121.211.242,50494,RO
151.106.10.98,8080,FR
35.198.136.166,80,US
37.29.118.250,8080,RU
79.133.80.47,8080,RU
131.72.230.151,61486,MX
186.167.50.19,51363,VE
93.91.172.107,42993,RU
72.38.127.210,38564,CA
5.79.113.168,3128,NL
165.227.64.106,80,US
51.38.80.159,80,GB
198.50.240.30,8080,CA
45.235.86.1,51996,BR
168.181.110.74,57621,BR
91.240.97.133,56474,UA
103.192.169.186,35983,IN
79.115.245.227,8080,RO
41.193.16.121,51661,ZA
193.242.178.50,52376,RU
1.20.97.238,31769,TH
95.154.73.122,31664,RU
71.17.253.132,49688,CA
46.32.69.252,8118,RU
209.97.168.244,8181,SG
43.229.252.45,53281,ID
138.94.28.234,50823,BR
1.2.169.101,47477,TH
41.190.95.20,55405,MW
151.106.8.228,8080,FR
46.148.203.214,8080,RU
103.109.57.226,53281,BD
103.79.228.25,61816,IN
95.47.116.133,46840,UA
118.175.244.91,50507,TH
88.12.42.81,47617,ES
185.199.82.178,53281,AT
1.20.101.24,34683,TH
109.167.206.121,43855,RU
45.232.99.7,60650,AR
79.124.72.245,53281,BG
85.117.56.2,61874,GE
180.180.218.225,58452,TH
191.37.231.202,56016,BR
187.120.253.119,31181,BR
176.108.32.30,37981,RS
5.128.150.208,50002,RU
124.41.240.56,50526,NP
213.226.227.173,44439,CZ
103.111.54.26,49781,ID
202.5.51.133,32362,BD
62.85.62.66,53281,LV
188.18.7.171,34125,RU
151.106.10.62,1080,FR
70.28.43.61,8080,CA
185.132.133.183,8080,NL
27.111.38.245,39850,ID
138.186.122.105,43602,CL
62.249.140.198,39780,RU
177.99.162.210,34020,BR
113.53.230.167,80,TH
83.174.203.222,33335,RU
68.183.217.42,3128,DE
94.177.216.154,8080,IT
89.250.220.40,42554,RU
109.70.189.70,30480,RU
80.211.181.248,3128,IT
138.59.244.49,58204,AR
200.69.236.53,8080,AR
114.109.22.32,31199,TH
206.189.163.84,80,US
94.177.250.112,8080,GB
157.230.246.199,8080,SG
157.230.149.189,80,US
206.81.11.75,80,US
185.85.116.8,8080,GB
157.230.140.12,8080,US
68.183.182.36,80,SG
157.230.250.137,3128,SG
5.23.103.98,45665,RU
159.203.169.239,3128,US
134.209.209.76,8080,US
95.129.97.13,38392,CZ
68.183.174.187,3128,US
35.238.72.25,3128,US
209.222.17.226,8181,US
94.177.240.64,80,FR
23.97.142.47,3128,NL
157.230.13.186,8080,US
191.252.193.34,80,BR
18.229.90.160,80,BR
104.248.220.143,3128,US
80.211.45.34,80,IT
134.209.49.222,3128,US
134.209.34.94,8080,US
35.247.218.193,80,US
165.22.247.104,8080,SG
142.44.243.144,8080,CA
68.183.233.146,3128,SG
165.22.254.197,8080,SG
165.22.254.195,8080,SG
206.189.44.220,8080,SG
185.124.86.11,3128,TR
200.35.44.189,51693,CO
107.178.4.215,48508,US
120.50.18.58,50048,BD
103.47.66.2,39804,IN
202.138.249.244,39896,ID
185.74.38.92,41258,IT
190.116.3.226,8080,PE
202.57.47.122,55382,PH
146.82.236.133,43415,US
1.179.188.169,38486,TH
1.179.143.53,59409,TH
43.252.159.114,55761,ID
103.2.146.66,49089,ID
185.247.20.254,35003,UA
46.151.108.6,45908,RU
219.93.16.182,36064,MY
71.94.45.249,8080,US
150.242.252.64,31120,IN
46.52.153.74,49456,RU
103.58.145.18,55951,NP
168.205.250.1,53281,BR
194.32.78.237,80,FR
181.129.52.154,61976,CO
91.92.10.112,8080,BG
213.100.166.196,31650,LV
103.254.185.219,33909,NP
95.215.228.130,44267,RU
195.123.212.199,56945,LV
81.190.208.52,41808,PL
45.234.68.4,54111,BR
1.10.186.167,51907,TH
45.235.87.4,51996,BR
182.73.56.134,60787,IN
186.211.176.190,47737,BR
196.25.12.2,52895,ZA
94.74.154.231,80,IR
